Function,NL_Best,NL_Worst,NL_Median,NL_Mean,NL_Std,NL_Time_s,Paper_Best,Paper_Mean,Paper_Std,DE_Best,DE_Mean,DE_Std,DE_Time_s
F01,0.0,0.0,0.0,0.0,0.0,2.3044180870056152,0.0,0.0,0.0,0.0,0.0,0.0,1.0374739646911622
F02,0.0,0.0,0.0,0.0,0.0,2.479258918762207,0.0,0.133,0.716,0.0712313757904326,5.284757895356643,3.3363549212663806,1.1931337356567382
F03,0.0,0.0,0.0,0.0,0.0,2.8116174697875977,0.0,0.0,0.0,0.0,0.0,0.0,1.930978488922119
F04,8.0,10.0,8.000000000016144,8.800000000003251,0.9797958971106164,3.3666571617126464,2.16e-05,1.3,0.778,18.000013925367625,28.75332033539753,7.579323391846317,2.4829580307006838
F05,0.0,0.0,0.0,0.0,0.0,2.5851278781890867,0.0,0.0,0.0,0.0,0.0,0.0,1.4851808547973633
F06,0.42123886101398966,0.49643128249022084,0.427242227106035,0.4509062455489129,0.03381112175963626,2.8324262619018556,0.00431,0.124,0.125,0.050598636589938906,0.25218259777643653,0.13910938673874332,1.6838807582855224
F07,21.602433814540746,23.68825971405613,23.46075281003823,23.14170412219628,0.7792710707065725,12.540241193771362,0.0,0.0,0.0,4.4591575315409955,20.55267274425655,8.2878400935638,11.577769041061401
F08,0.8057162351824445,3.489529730555205,1.6109189794519807,1.7220533764258108,0.9735592352414799,17.22852816581726,0.000296,0.046,0.038,1.3858622230295623,9.578439363565758,9.658048552048554,16.113131856918336
F09,0.0,0.0,0.0,0.0,0.0,4.940223979949951,229.0,229.0,5.68e-14,0.0,71.81886895607185,143.6377379121437,3.914181280136108
F10,220.87264974897926,222.47387661441644,222.15165065229576,221.7044954833933,0.6893152350924061,4.951644659042358,100.0,100.0,0.0295,220.87264974897926,240.05965586719012,38.249430440518616,3.976237154006958
F11,0.0,0.0,0.0,0.0,0.0,6.949693441390991,0.0,0.0,0.0,0.0,0.0,0.0,5.9314470291137695
F12,166.2181839019945,166.53555919741393,166.53555846287918,166.47208365518844,0.12694987659738738,7.771480703353882,163.0,165.0,0.404,164.01394544805407,165.7633114957799,1.5994228113987328,6.477059173583984
