function,func_id,algorithm,run,seed,error,evaluations,time_sec
F01,1,NL-SHADE-LBC,1,101,0.0,50000,2.790198564529419
F01,1,ClassicDE,1,101,0.0,50000,1.0948872566223145
F01,1,NL-SHADE-LBC,2,201,0.0,50000,2.388986825942993
F01,1,ClassicDE,2,201,0.0,50000,1.1118292808532715
F01,1,NL-SHADE-LBC,3,301,0.0,50000,2.4071996212005615
F01,1,ClassicDE,3,301,0.0,50000,1.1091315746307373
F01,1,NL-SHADE-LBC,4,401,0.0,50000,2.432737112045288
F01,1,ClassicDE,4,401,0.0,50000,1.088209867477417
F01,1,NL-SHADE-LBC,5,501,0.0,50000,2.4145193099975586
F01,1,ClassicDE,5,501,0.0,50000,1.069566011428833
F02,2,NL-SHADE-LBC,1,102,0.0,50000,2.4770216941833496
F02,2,ClassicDE,1,102,4.22404161326989,50000,1.1918950080871582
F02,2,NL-SHADE-LBC,2,202,0.0,50000,2.4568004608154297
F02,2,ClassicDE,2,202,4.296312632160266,50000,1.2207825183868408
F02,2,NL-SHADE-LBC,3,302,0.0,50000,2.4738261699676514
F02,2,ClassicDE,3,302,0.0712313757904326,50000,1.3320510387420654
F02,2,NL-SHADE-LBC,4,402,0.0,50000,2.5402376651763916
F02,2,ClassicDE,4,402,8.916101927781312,50000,1.2543902397155762
F02,2,NL-SHADE-LBC,5,502,0.0,50000,2.5200536251068115
F02,2,ClassicDE,5,502,8.916101927781312,50000,1.26702880859375
F03,3,NL-SHADE-LBC,1,103,0.0,50000,2.94183087348938
F03,3,ClassicDE,1,103,0.0,50000,1.9987528324127197
F03,3,NL-SHADE-LBC,2,203,0.0,50000,3.2791523933410645
F03,3,ClassicDE,2,203,0.0,50000,2.0209462642669678
F03,3,NL-SHADE-LBC,3,303,0.0,50000,2.9197278022766113
F03,3,ClassicDE,3,303,0.0,50000,1.9985880851745605
F03,3,NL-SHADE-LBC,4,403,0.0,50000,2.902892589569092
F03,3,ClassicDE,4,403,0.0,50000,2.0617477893829346
F03,3,NL-SHADE-LBC,5,503,0.0,50000,3.206017255783081
F03,3,ClassicDE,5,503,0.0,50000,1.9484062194824219
F04,4,NL-SHADE-LBC,1,104,8.000000000016144,50000,3.4463391304016113
F04,4,ClassicDE,1,104,18.000013925367625,50000,2.5282106399536133
F04,4,NL-SHADE-LBC,2,204,8.000000000000114,50000,3.469331741333008
F04,4,ClassicDE,2,204,32.156130469707705,50000,2.626657009124756
F04,4,NL-SHADE-LBC,3,304,8.0,50000,3.448820114135742
F04,4,ClassicDE,3,304,38.80952574425487,50000,2.582655191421509
F04,4,NL-SHADE-LBC,4,404,10.0,50000,3.4535720348358154
F04,4,ClassicDE,4,404,32.65547774079823,50000,2.53464937210083
F04,4,NL-SHADE-LBC,5,504,10.0,50000,3.395277500152588
F04,4,ClassicDE,5,504,22.145453796859215,50000,2.54038405418396
F05,5,NL-SHADE-LBC,1,105,0.0,50000,2.636002779006958
F05,5,ClassicDE,1,105,0.0,50000,1.518721580505371
F05,5,NL-SHADE-LBC,2,205,0.0,50000,2.6335701942443848
F05,5,ClassicDE,2,205,0.0,50000,1.5251421928405762
F05,5,NL-SHADE-LBC,3,305,0.0,50000,2.6196396350860596
F05,5,ClassicDE,3,305,0.0,50000,1.5060698986053467
F05,5,NL-SHADE-LBC,4,405,0.0,50000,2.6602392196655273
F05,5,ClassicDE,4,405,0.0,50000,1.5212252140045166
F05,5,NL-SHADE-LBC,5,505,0.0,50000,2.648739814758301
F05,5,ClassicDE,5,505,0.0,50000,2.1168408393859863
F06,6,NL-SHADE-LBC,1,106,0.427242227106035,50000,2.9256491661071777
F06,6,ClassicDE,1,106,0.050598636589938906,50000,1.7258358001708984
F06,6,NL-SHADE-LBC,2,206,0.42123886101398966,50000,2.91733455657959
F06,6,ClassicDE,2,206,0.12657037110375313,50000,1.7364373207092285
F06,6,NL-SHADE-LBC,3,306,0.49643128249022084,50000,2.9422149658203125
F06,6,ClassicDE,3,306,0.41205084163516403,50000,2.052616596221924
F06,6,NL-SHADE-LBC,4,406,0.4218486819481768,50000,2.8982603549957275
F06,6,ClassicDE,4,406,0.31602982583808625,50000,1.7211439609527588
F06,6,NL-SHADE-LBC,5,506,0.4877701751861423,50000,2.891977071762085
F06,6,ClassicDE,5,506,0.3556633137152403,50000,1.7315964698791504
F07,7,NL-SHADE-LBC,1,107,23.46075281003823,50000,12.766080617904663
F07,7,ClassicDE,1,107,21.613037098848054,50000,11.887302875518799
F07,7,NL-SHADE-LBC,2,207,23.619135659199628,50000,12.127471446990967
F07,7,ClassicDE,2,207,4.4591575315409955,50000,11.730343103408813
F07,7,NL-SHADE-LBC,3,307,23.33793861314666,50000,12.13584041595459
F07,7,ClassicDE,3,307,23.81014478033012,50000,11.756489038467407
F07,7,NL-SHADE-LBC,4,407,23.68825971405613,50000,12.273708820343018
F07,7,ClassicDE,4,407,25.142160760208526,50000,11.831109285354614
F07,7,NL-SHADE-LBC,5,507,21.602433814540746,50000,12.360991477966309
F07,7,ClassicDE,5,507,27.738863550355063,50000,11.392062902450562
F08,8,NL-SHADE-LBC,1,108,0.8574364287451317,50000,16.21178936958313
F08,8,ClassicDE,1,108,1.7057030479891182,50000,15.339561223983765
F08,8,NL-SHADE-LBC,2,208,3.489529730555205,50000,15.989816904067993
F08,8,ClassicDE,2,208,21.67913865466835,50000,15.72644591331482
F08,8,NL-SHADE-LBC,3,308,0.8057162351824445,50000,16.787966012954712
F08,8,ClassicDE,3,308,1.995047156473447,50000,15.718835592269897
F08,8,NL-SHADE-LBC,4,408,1.6109189794519807,50000,15.875767946243286
F08,8,ClassicDE,4,408,1.3858622230295623,50000,14.866731643676758
F08,8,NL-SHADE-LBC,5,508,1.8466655081942918,50000,16.308575868606567
F08,8,ClassicDE,5,508,21.126445735668312,50000,14.98024296760559
F09,9,NL-SHADE-LBC,1,109,0.0,50000,4.560909986495972
F09,9,ClassicDE,1,109,359.0943447803593,50000,3.688478708267212
F09,9,NL-SHADE-LBC,2,209,0.0,50000,4.808716297149658
F09,9,ClassicDE,2,209,0.0,50000,3.7814128398895264
F09,9,NL-SHADE-LBC,3,309,0.0,50000,4.533894777297974
F09,9,ClassicDE,3,309,0.0,50000,3.6026010513305664
F09,9,NL-SHADE-LBC,4,409,0.0,50000,4.4866204261779785
F09,9,ClassicDE,4,409,0.0,50000,3.6889681816101074
F09,9,NL-SHADE-LBC,5,509,0.0,50000,4.656452417373657
F09,9,ClassicDE,5,509,0.0,50000,3.7187557220458984
F10,10,NL-SHADE-LBC,1,110,220.87264974897926,50000,4.70095419883728
F10,10,ClassicDE,1,110,316.5582728064892,50000,3.732586145401001
F10,10,NL-SHADE-LBC,2,210,222.15165065229576,50000,4.6072678565979
F10,10,ClassicDE,2,210,220.87264974897926,50000,3.5972070693969727
F10,10,NL-SHADE-LBC,3,310,222.47387661441644,50000,4.495859622955322
F10,10,ClassicDE,3,310,220.87264974897926,50000,3.6459667682647705
F10,10,NL-SHADE-LBC,4,410,222.15165065229576,50000,4.652137041091919
F10,10,ClassicDE,4,410,221.12205728252366,50000,3.6141083240509033
F10,10,NL-SHADE-LBC,5,510,220.87264974897926,50000,4.549925804138184
F10,10,ClassicDE,5,510,220.87264974897926,50000,3.637734889984131
F11,11,NL-SHADE-LBC,1,111,0.0,50000,6.496655225753784
F11,11,ClassicDE,1,111,0.0,50000,5.670773267745972
F11,11,NL-SHADE-LBC,2,211,0.0,50000,6.5114405155181885
F11,11,ClassicDE,2,211,0.0,50000,5.5419018268585205
F11,11,NL-SHADE-LBC,3,311,0.0,50000,6.328902721405029
F11,11,ClassicDE,3,311,0.0,50000,5.463643312454224
F11,11,NL-SHADE-LBC,4,411,0.0,50000,6.572112321853638
F11,11,ClassicDE,4,411,0.0,50000,5.451465129852295
F11,11,NL-SHADE-LBC,5,511,0.0,50000,6.30911660194397
F11,11,ClassicDE,5,511,0.0,50000,5.404604196548462
F12,12,NL-SHADE-LBC,1,112,166.53555848405858,50000,7.549015760421753
F12,12,ClassicDE,1,112,164.4735193618476,50000,5.9125378131866455
F12,12,NL-SHADE-LBC,2,212,166.53555822959606,50000,7.126652479171753
F12,12,ClassicDE,2,212,164.01394544805407,50000,6.392737865447998
F12,12,NL-SHADE-LBC,3,312,166.2181839019945,50000,7.274559497833252
F12,12,ClassicDE,3,312,165.89175687785064,50000,5.919435739517212
F12,12,NL-SHADE-LBC,4,412,166.53555919741393,50000,7.207728862762451
F12,12,ClassicDE,4,412,168.5996636619334,50000,5.897900104522705
F12,12,NL-SHADE-LBC,5,512,166.53555846287918,50000,7.021283149719238
F12,12,ClassicDE,5,512,165.83767212921384,50000,5.998048543930054
